Handle,Status,Notes
florablend-qt,draft,Replaced by florablend
florablend-gal,draft,Replaced by florablend
florablend-2-5-gal,draft,Replaced by florablend
florablend-6-gal,draft,Replaced by florablend
biothrive-grow-1-qt,draft,Replaced by biothrive
biothrive-grow-1-gal,draft,Replaced by biothrive
biothrive-bloom-6-gal,draft,Replaced by biothrive
biothrive-grow-6-gal,draft,Replaced by biothrive
biothrive-bloom-2-5-gal,draft,Replaced by biothrive
biothrive-bloom-1-gal,draft,Replaced by biothrive
biothrive-bloom-1-qt,draft,Replaced by biothrive
biothrive-grow-2-5-gal,draft,Replaced by biothrive
floragro-16-oz,draft,Replaced by flora-series
floragro-1-qt,draft,Replaced by flora-series
floragro-1-gal,draft,Replaced by flora-series
floragro-2-5-gal,draft,Replaced by flora-series
floragro-6-gal,draft,Replaced by flora-series
floragro-15-gal,draft,Replaced by flora-series
floragro-55-gal,draft,Replaced by flora-series
floragro-275-gal,draft,Replaced by flora-series
flora-bloom-16-oz,draft,Replaced by flora-series
flora-bloom-1-qt,draft,Replaced by flora-series
flora-bloom-1-gal,draft,Replaced by flora-series
flora-bloom-2-5-gal,draft,Replaced by flora-series
flora-bloom-6-gal,draft,Replaced by flora-series
flora-bloom-15-gal,draft,Replaced by flora-series
flora-bloom-275-gal,draft,Replaced by flora-series
flora-micro-16-oz,draft,Replaced by flora-series
flora-micro-1-qt,draft,Replaced by flora-series
flora-micro-1-gal,draft,Replaced by flora-series
flora-micro-2-5-gal,draft,Replaced by flora-series
flora-micro-15-gal,draft,Replaced by flora-series
flora-micro-55-gal,draft,Replaced by flora-series
hard-water-flora-micro-1-qt,draft,Replaced by flora-series
hard-water-flora-micro-1-gal,draft,Replaced by flora-series
hard-water-flora-micro-2-5-gal,draft,Replaced by flora-series
hard-water-flora-micro-6-gal,draft,Replaced by flora-series
flora-series-performance-pack-complete-8-week-grow-bloom-starter-kit,draft,Replaced by flora-series
floranova-grow-16-oz,draft,Replaced by floranova-series
floranova-grow-1-qt,draft,Replaced by floranova-series
floranova-grow-1-gal,draft,Replaced by floranova-series
floranova-grow-2-5-gal,draft,Replaced by floranova-series
floranova-bloom-16-oz,draft,Replaced by floranova-series
floranova-bloom-1-qt,draft,Replaced by floranova-series
floranova-bloom-1-gal,draft,Replaced by floranova-series
floranova-bloom-2-5-gal,draft,Replaced by floranova-series
maxigro-2-2-lb,draft,Replaced by maxi-series
maxigro-16-lb,draft,Replaced by maxi-series
maxigro-50-lb,draft,Replaced by maxi-series
maxibloom-2-2-lb,draft,Replaced by maxi-series
maxibloom-16-lb,draft,Replaced by maxi-series
maxibloom-50-lb,draft,Replaced by maxi-series
biobud-1-qt,draft,Replaced by biobud
biobud-2-5-gal,draft,Replaced by biobud
biobud-6-gal,draft,Replaced by biobud
biobud-1-gal,draft,Replaced by biobud
biomarine-1-qt,draft,Replaced by biomarine
biomarine-1-gal,draft,Replaced by biomarine
biomarine-2-5-gal,draft,Replaced by biomarine
biomarine-6-gal,draft,Replaced by biomarine
bioweed-1-qt,draft,Replaced by bioweed
bioweed-1-gal,draft,Replaced by bioweed
bioweed-2-5-gal,draft,Replaced by bioweed
bioweed-6-gal,draft,Replaced by bioweed
camg-1-qt,draft,Replaced by camg
camg-1-gal,draft,Replaced by camg
camg-2-5-gal,draft,Replaced by camg
camg-6-gal,draft,Replaced by camg
diamond-black-1-qt,draft,Replaced by diamond-black
diamond-black-1-gal,draft,Replaced by diamond-black
diamond-black-2-5-gal,draft,Replaced by diamond-black
diamond-black-6-gal,draft,Replaced by diamond-black
diamond-nectar-1-qt,draft,Replaced by diamond-nectar
diamond-nectar-2-5-gal,draft,Replaced by diamond-nectar
diamond-nectar-1-gal,draft,Replaced by diamond-nectar
diamond-nectar-6-gal,draft,Replaced by diamond-nectar
floraduo-a-16-oz,draft,Replaced by floraduo-complete
floraduo-a-1-qt,draft,Replaced by floraduo-complete
floraduo-a-1-gal,draft,Replaced by floraduo-complete
floraduo-a-2-5-gal,draft,Replaced by floraduo-complete
floraduo-a-6-gal,draft,Replaced by floraduo-complete
floraduo-b-16-oz,draft,Replaced by floraduo-complete
floraduo-b-1-qt,draft,Replaced by floraduo-complete
floraduo-b-1-gal,draft,Replaced by floraduo-complete
floraduo-b-2-5-gal,draft,Replaced by floraduo-complete
floraduo-b-6-gal,draft,Replaced by floraduo-complete
floralicious-bloom-1-qt,draft,Replaced by floralicious-series
floralicious-bloom-1-gal,draft,Replaced by floralicious-series
floralicious-bloom-2-5-gal,draft,Replaced by floralicious-series
floralicious-grow-1-qt,draft,Replaced by floralicious-series
floralicious-grow-1-gal,draft,Replaced by floralicious-series
floralicious-grow-2-5-gal,draft,Replaced by floralicious-series
floralicious-plus-8-oz,draft,Replaced by floralicious-plus
floralicious-plus-32-oz,draft,Replaced by floralicious-plus
floralicious-plus-16-oz,draft,Replaced by floralicious-plus
floralicious-plus-1-gal,draft,Replaced by floralicious-plus
floranectar-fruitnfusion-1-qt,draft,Replaced by floranectar
floranectar-fruitnfusion-1-gal,draft,Replaced by floranectar
floranectar-fruitnfusion-2-5-gal,draft,Replaced by floranectar
floranectar-pineapple-1-qt,draft,Replaced by floranectar
floranectar-pineapple-1-gal,draft,Replaced by floranectar
floranectar-coconut-1-qt,draft,Replaced by floranectar
floranectar-coconut-1-gal,draft,Replaced by floranectar
floranectar-coconut-2-5-gal,draft,Replaced by floranectar
floranectar-natural-sugar-1-gal,draft,Replaced by floranectar
floranectar-natural-sugar-2-5-gal,draft,Replaced by floranectar
flora-shield-1-pt,draft,Replaced by flora-shield
flora-shield-1-gal,draft,Replaced by flora-shield
flora-shield-1-qt,draft,Replaced by flora-shield
florakleen-1-gal,draft,Replaced by florakleen
florakleen-2-5-gal,draft,Replaced by florakleen
florakleen-6-gal,draft,Replaced by florakleen
koolbloom-4-oz,draft,Replaced by koolbloom
koolbloom-2-2-lb,draft,Replaced by koolbloom
koolbloom-16-lb,draft,Replaced by koolbloom
liquid-koolbloom-1-gal,draft,Replaced by liquid-koolbloom�-0-10-10
liquid-koolbloom-2-5-gal,draft,Replaced by liquid-koolbloom�-0-10-10
liquid-koolbloom-6-gal,draft,Replaced by liquid-koolbloom�-0-10-10
rapid-start-125-ml,draft,Replaced by rapid-start
rapid-start-275-ml,draft,Replaced by rapid-start
rapid-start-1-pt,draft,Replaced by rapid-start
rapid-start-1-qt,draft,Replaced by rapid-start
bcuzz-bio-nrg-bloom-c-1l,draft,Replaced by bcuzz-bio-nrg-bloom-c
bcuzz-bio-nrg-flavor-c-1l,draft,Replaced by bcuzz-bio-nrg-flavor
bcuzz-bio-nrg-flavor-c-5l,draft,Replaced by bcuzz-bio-nrg-flavor
bcuzz-bio-nrg-growth-c-1l,draft,Replaced by bcuzz-bio-nrg-growth-c
bcuzz-hydro-a-1l,draft,Replaced by bcuzz-hydro-nutrients
bcuzz-hydro-a-5l,draft,Replaced by bcuzz-hydro-nutrients
bcuzz-hydro-b-1l,draft,Replaced by bcuzz-hydro-nutrients
bcuzz-hydro-b-5l,draft,Replaced by bcuzz-hydro-nutrients
bcuzz-growth-stimulator-12oz,draft,Replaced by bcuzz-growth-stimulator
bcuzz-growth-stimulator-1-qt,draft,Replaced by bcuzz-growth-stimulator
bcuzz-growth-stimulator-1-gal,draft,Replaced by bcuzz-growth-stimulator
bcuzz-root-stimulator-12-oz,draft,Replaced by bcuzz-root-stimulator
bcuzz-root-stimulator-1-qt,draft,Replaced by bcuzz-root-stimulator
bcuzz-root-stimulator-1-gal,draft,Replaced by bcuzz-root-stimulator
better-bloom-500-gm,draft,Replaced by better-bloom-12-34-12
better-bloom-2-kg,draft,Replaced by better-bloom-12-34-12
better-bloom-10-kg,draft,Replaced by better-bloom-12-34-12
jungle-green-500-gm,draft,Replaced by jungle-green-17-15-17
jungle-green-2-5-kg,draft,Replaced by jungle-green-17-15-17
jungle-green-10-kg,draft,Replaced by jungle-green-17-15-17
royal-black-1-liter,draft,Replaced by royal-black
royal-black-4-liter,draft,Replaced by royal-black
royal-gold-1-liter,draft,Replaced by royal-gold
royal-gold-4-liter,draft,Replaced by royal-gold
yield-up-9-47-9-product-enrichment,draft,Replaced by bud-boom
bud-boom-1kg,draft,Replaced by bud-boom
liquid-bud-boom-250ml,draft,Replaced by bud-boom
liquid-bud-boom-1l,draft,Replaced by bud-boom
liquid-bud-boom-4l,draft,Replaced by bud-boom
liquid-bud-boom-500ml,draft,Replaced by bud-boom
liquid-bud-boom-2-5-gal,draft,Replaced by bud-boom
liquid-bud-boom-6-gal,draft,Replaced by bud-boom
bud-start-20-gm,draft,Replaced by bud-start
bud-start-100-gm,draft,Replaced by bud-start
liquid-bud-start-500ml,draft,Replaced by bud-start
liquid-bud-start-6-gal,draft,Replaced by bud-start
liquid-bud-start-250ml,draft,Replaced by bud-start
liquid-bud-start-4l,draft,Replaced by bud-start
liquid-bud-start-1l,draft,Replaced by bud-start
carbo-blast-2-5-kg,draft,Replaced by carbo-blast
carbo-blast-650-gm,draft,Replaced by carbo-blast
liquid-carbo-blast-500ml,draft,Replaced by carbo-blast
liquid-carbo-blast-1l,draft,Replaced by carbo-blast
liquid-carbo-blast-4l,draft,Replaced by carbo-blast
carbo-blast-300g,draft,Replaced by carbo-blast
liquid-carbo-blast-2-5-gal,draft,Replaced by carbo-blast
liquid-carbo-blast-6-gal,draft,Replaced by carbo-blast
prop-o-gator-500-ml,draft,Replaced by prop-o-gator-plant-food
prop-o-gator-4-liter,draft,Replaced by prop-o-gator-plant-food
prop-o-gator-1-liter,draft,Replaced by prop-o-gator-plant-food
suck-it-up-500ml,draft,Replaced by suck-it-up
suck-it-up-1-liter,draft,Replaced by suck-it-up
suck-it-up-4-liter,draft,Replaced by suck-it-up
double-super-b-1-liter,draft,Replaced by double-super-b-extra-strength
double-super-b-4-liter,draft,Replaced by double-super-b-extra-strength
double-super-b-10-liter,draft,Replaced by double-super-b-extra-strength
double-super-b-23-liter,draft,Replaced by double-super-b-extra-strength
ton-o-bud-100-gm,draft,Replaced by ton-o-bud-0-10-6
ton-o-bud-500-gm,draft,Replaced by ton-o-bud-0-10-6
ton-o-bud-1-kg,draft,Replaced by ton-o-bud-0-10-6
liquid-ton-o-bud-250ml,draft,Replaced by ton-o-bud-0-10-6
liquid-ton-o-bud-500ml,draft,Replaced by ton-o-bud-0-10-6
liquid-ton-o-bud-1l,draft,Replaced by ton-o-bud-0-10-6
liquid-ton-o-bud-4l,draft,Replaced by ton-o-bud-0-10-6
liquid-ton-o-bud-2-5-gal,draft,Replaced by ton-o-bud-0-10-6
liquid-ton-o-bud-6-gal,draft,Replaced by ton-o-bud-0-10-6
the-hammer-20-gm,draft,Replaced by the-hammer
the-hammer-100-gm,draft,Replaced by the-hammer
humboldt-grow-1-qt,draft,Replaced by humboldt-grow-2-1-6
humboldt-grow-1-gal,draft,Replaced by humboldt-grow-2-1-6
humboldt-grow-2-5-gal,draft,Replaced by humboldt-grow-2-1-6
humboldt-grow-5-gal,draft,Replaced by humboldt-grow-2-1-6
humboldt-micro-1-qt,draft,Replaced by humboldt-micro-5-0-1
humboldt-micro-2-5-gal,draft,Replaced by humboldt-micro-5-0-1
humboldt-micro-5-gal,draft,Replaced by humboldt-micro-5-0-1
humboldt-bloom-1-qt,draft,Replaced by humboldt-bloom-0-6-5
humboldt-bloom-1-gal,draft,Replaced by humboldt-bloom-0-6-5
humboldt-bloom-2-5-gal,draft,Replaced by humboldt-bloom-0-6-5
humboldt-bloom-5-gal,draft,Replaced by humboldt-bloom-0-6-5
humboldt-big-up-powder-5-lbs,draft,Replaced by big-up-powder-0-33-23
humboldt-big-up-powder-1-lb,draft,Replaced by big-up-powder-0-33-23
humboldt-big-up-powder-10-lbs,draft,Replaced by big-up-powder-0-33-23
humboldt-sea-cal-1-qt,draft,Replaced by sea-cal-3-2-8
humboldt-sea-cal-1-gal,draft,Replaced by sea-cal-3-2-8
humboldt-sea-cal-2-5-gal,draft,Replaced by sea-cal-3-2-8
humboldt-sea-mag-1-qt,draft,Replaced by sea-mag-0-2-0-2-3
humboldt-sea-mag-1-gal,draft,Replaced by sea-mag-0-2-0-2-3
humboldt-sea-mag-2-5-gal,draft,Replaced by sea-mag-0-2-0-2-3
humboldt-master-a-1-qt,draft,Replaced by master-a
humboldt-master-a-2-5-gal,draft,Replaced by master-a
humboldt-master-a-1-gal,draft,Replaced by master-a
humboldt-master-a-5-gal,draft,Replaced by master-a
humboldt-master-b-1-qt,draft,Replaced by master-b
humboldt-master-b-1-gal,draft,Replaced by master-b
humboldt-master-b-2-5-gal,draft,Replaced by master-b
humboldt-master-b-5-gal,draft,Replaced by master-b
humboldt-dueceduece-1-qt,draft,Replaced by dueceduece
humboldt-dueceduece-1-gal,draft,Replaced by dueceduece
equilibrium-natural-1-gal,draft,Replaced by equilibrium-natural
hydro-deuce-16-oz,draft,Replaced by hydro-deuce
hydro-deuce-1-qt,draft,Replaced by hydro-deuce
hydro-deuce-1-gal,draft,Replaced by hydro-deuce
royal-flush-16-oz,draft,Replaced by royal-flush
ginormous-2-5-gal,draft,Replaced by ginormous
grow-natural-1-qt,draft,Replaced by grow-natural
grow-natural-1-gal,draft,Replaced by grow-natural
grow-natural-2-5-gal,draft,Replaced by grow-natural
grow-natural-5-gal,draft,Replaced by grow-natural
bloom-natural-1-qt,draft,Replaced by bloom-natural
bloom-natural-1-gal,draft,Replaced by bloom-natural
bloom-natural-2-5-gal,draft,Replaced by bloom-natural
bloom-natural-5-gal,draft,Replaced by bloom-natural
bloom-natural-15-gal,draft,Replaced by bloom-natural
hum-bolt-1-qt,draft,Replaced by hum-bolt
hum-bolt-1-gal,draft,Replaced by hum-bolt
hum-bolt-2-5-gal,draft,Replaced by hum-bolt
flavor-ful-1-qt,draft,Replaced by flavor-ful
flavor-ful-1-gal,draft,Replaced by flavor-ful
flavor-ful-2-5-gal,draft,Replaced by flavor-ful
flavor-ful-5-gal,draft,Replaced by flavor-ful
verde-growth-catalyst,draft,Replaced by verde-growth-catalyst-bundle
humboldt-oneness-1-qt,draft,Replaced by oneness-5-9-4
humboldt-oneness-1-gal,draft,Replaced by oneness-5-9-4
humboldt-oneness-2-5-gal,draft,Replaced by oneness-5-9-4
humboldt-oneness-5-gal,draft,Replaced by oneness-5-9-4
humboldt-oneness-15-gal,draft,Replaced by oneness-5-9-4
mayan-microzyme1-gal,draft,Replaced by mayan-microzyme
mayan-microzyme1-gal-2,draft,Replaced by mayan-microzyme
mayan-microzyme-4-oz,draft,Replaced by mayan-microzyme
mayan-microzyme-16-oz,draft,Replaced by mayan-microzyme
mayan-microzyme-8-oz,draft,Replaced by mayan-microzyme
mayan-microzyme-1-qt,draft,Replaced by mayan-microzyme
prozyme-1-qt,draft,Replaced by prozyme
myco-madness-soluble-4-oz,draft,Replaced by myco-madness-soluble
myco-madness-soluble-8-oz,draft,Replaced by myco-madness-soluble
myco-madness-soluble-1-lb,draft,Replaced by myco-madness-soluble
myco-madness-soluble-5-lbs,draft,Replaced by myco-madness-soluble
myco-maximum-granular-8-oz,draft,Replaced by myco-maximum-granular
myco-maximum-granular-1-lb,draft,Replaced by myco-maximum-granular
myco-maximum-granular-5-lbs,draft,Replaced by myco-maximum-granular
humboldt-honey-hydro-carbs-1-qt,draft,Replaced by humboldt-honey-hydro-carbs
humboldt-honey-hydro-carbs-1-gal,draft,Replaced by humboldt-honey-hydro-carbs
humboldt-honey-hydro-carbs-2-5-gal,draft,Replaced by humboldt-honey-hydro-carbs
humboldt-honey-es-1-qt,draft,Replaced by humboldt-honey-es
humboldt-honey-es-1-gal,draft,Replaced by humboldt-honey-es
humboldt-honey-es-5-gal,draft,Replaced by humboldt-honey-es
humboldt-roots-50-ml,draft,Replaced by humboldt-roots
humboldt-roots-125-ml,draft,Replaced by humboldt-roots
humboldt-roots-250-ml,draft,Replaced by humboldt-roots
humboldt-roots-500-ml,draft,Replaced by humboldt-roots
humboldt-sticky-foliar-feed-16-oz,draft,Replaced by humboldt-sticky-foliar-feed
humboldt-sticky-foliar-feed-1-qt,draft,Replaced by humboldt-sticky-foliar-feed
mykos-30-mycorrhizal-inoculant-2-2-lb,draft,Replaced by mykos-mycorrhizal-inoculant-granular
calcarb-calcium-carbonate-foliar-spray-6-oz,draft,Replaced by calcarb-calcium-carbonate-foliar-spray
calcarb-calcium-carbonate-foliar-spray-12-oz,draft,Replaced by calcarb-calcium-carbonate-foliar-spray
basic-600w-hps-ballast,draft,Replaced by basic-magnetic-ballast
basic-1000w-mh-hps-switchable-ballast,draft,Replaced by basic-magnetic-ballast
socket-set-w-15-cord,draft,Replaced by basic-magnetic-ballast
ultragrow-cool-tube,draft,Replaced by ultragrow-cool-tube-bundle
ona-block-crystal-6oz,draft,Replaced by ona-block
ona-pro-block-6oz,draft,Replaced by ona-block
ona-liquid-polar-crystal-1-qt,draft,Replaced by ona-liquid
ona-liquid-polar-crystal-1-gal,draft,Replaced by ona-liquid
ona-gel-fresh-linen-1-qt,draft,Replaced by ona-gel
ona-gel-fresh-linen-1-gal,draft,Replaced by ona-gel
ona-gel-fresh-linen-bucket-5-gal,draft,Replaced by ona-gel
ona-pro-gel-1-qt,draft,Replaced by ona-gel
ona-pro-gel-1-gal,draft,Replaced by ona-gel
ona-pro-gel-bucket-5-gal,draft,Replaced by ona-gel
ona-pro-gel-pail-1-gal,draft,Replaced by ona-gel
ona-gel-fresh-linen-pail-1gal,draft,Replaced by ona-gel
ona-mist-dispenser,draft,Replaced by ona-mist
ona-mist-polar-crystal-6oz,draft,Replaced by ona-mist
ona-mist-fresh-linen-mist-6oz,draft,Replaced by ona-mist
doktor-doom-total-fogger-5-5-oz,draft,Replaced by doktor-doom-fogger
plantacillin-1-liter,draft,Replaced by plantacillin
zero-tolerance-pest-control-gal,draft,Replaced by ed-rosenthals-zero-tolerance-herbal-pesticide-fungicide
timemist-plus-programmable-dispenser-2,draft,Replaced by timemist-plus-programmable-dispenser
timemist-purge-i-3-2-oz,draft,Replaced by timemist-plus-programmable-dispenser
garden-fungicide-32-oz,draft,Replaced by safer-garden-fungicide-32oz-rtu-spray
garden-fungicide-1-gal,draft,Replaced by safer-garden-fungicide-32oz-rtu-spray
block-ir-4-x-25-roll,draft,Replaced by block-ir-infra-red-barrier
block-ir-4-x-50-roll,draft,Replaced by block-ir-infra-red-barrier
block-ir-4-x-100-roll,draft,Replaced by block-ir-infra-red-barrier
miniblocks-1-5-x-1-5-x-1-5-6-15mm-hole98-plugs-per-matt,draft,Replaced by bcuzz-roxx-propagation-trays-and-matts
bcuzz-roxx-rooting-blocks-4-x-4-x-2-5-42-40mm-hole-strip-of-6,draft,Replaced by bcuzz-roxx-rooting-blocks
bcuzz-roxx-rooting-blocks-4-x-4-x-4-no-hole-strip-of-6,draft,Replaced by bcuzz-roxx-rooting-blocks
bcuzz-roxx-bimatrix-growing-slab-36-x-6-x-3,draft,Replaced by bcuzz-roxx-bimatrix-growing-slabs
bcuzz-roxx-bimatrix-growing-slab-40-x-6-x-3,draft,Replaced by bcuzz-roxx-bimatrix-growing-slabs
tnc-1-4-hp-1250-gph,draft,Replaced by tnc-water-pump
40-micron-filter-for-tnc-pump,draft,Replaced by tnc-water-pump
mag-drive-2-pump-250-gph,draft,Replaced by mag-drive-pumps
mag-drive-3-pump-350-gph,draft,Replaced by mag-drive-pumps
mag-drive-7-pump-700-gph,draft,Replaced by mag-drive-pumps
mag-drive-pump-filter,draft,Replaced by mag-drive-pumps
1mm-thick-25-mylar-roll,draft,Replaced by reflective-mylar-rolls
2mm-thick-25-mylar-roll,draft,Replaced by reflective-mylar-rolls
1mm-thick-50-mylar-roll,draft,Replaced by reflective-mylar-rolls
1mm-thick-100-mylar-roll,draft,Replaced by reflective-mylar-rolls
2mm-thick-50-mylar-roll,draft,Replaced by reflective-mylar-rolls
2mm-thick-100-mylar-roll,draft,Replaced by reflective-mylar-rolls
1-4-in-tubing-blue-500-ft-roll,draft,Replaced by accessories-components
1-4-in-tubing-black-500-ft-roll,draft,Replaced by accessories-components
1-2-in-tubing-neutral-250-ft-roll,draft,Replaced by accessories-components
3-8-in-tubing-white-500-ft-roll,draft,Replaced by accessories-components
3-8-in-tubing-blue-500-ft-roll,draft,Replaced by accessories-components
1-4-in-qc-stealth-small-boy,draft,Replaced by accessories-components
float-valve-3-8-in-qc-tall-boy,draft,Replaced by accessories-components
float-kit-merlin-garden-pro,draft,Replaced by accessories-components
union-connector-3-8-in,draft,Replaced by accessories-components
two-way-splitter-3-8-in,draft,Replaced by accessories-components
union-connector-1-4-in,draft,Replaced by accessories-components
tall-boy-blue-sediment-replacement,draft,Replaced by accessories-components
tall-boy-blue-carbon-replacement-filter,draft,Replaced by accessories-components
small-boy-sediment-replacement,draft,Replaced by accessories-components
small-boy-carbon-replacement-filter,draft,Replaced by accessories-components
stealth-ro-100-200-sediment-filter,draft,Replaced by accessories-components
stealth-ro-100-200-carbon-filter,draft,Replaced by accessories-components
stealth-ro-100-200-membrane-filter,draft,Replaced by accessories-components
stealth-ro-100-200-pressure-booster-pump,draft,Replaced by accessories-components
big-boy-carbon-filter,draft,Replaced by accessories-components
big-boy-pleated-sediment-filter-cleanable,draft,Replaced by accessories-components
big-boy-kdf-85-carbon-filter-well-water-chloramines,draft,Replaced by accessories-components
8oz-electrode-storage-solution,draft,Replaced by green-air-genesis-calibration-solutions
8-oz-twin-pack-electrode-cleaning-solution-a-b,draft,Replaced by green-air-genesis-calibration-solutions
ph-4-01-16-oz,draft,Replaced by green-air-genesis-calibration-solutions
ph-7-0-16-oz,draft,Replaced by green-air-genesis-calibration-solutions
ppm-1500-tds-2-142-ms-8-oz,draft,Replaced by green-air-genesis-calibration-solutions
ppm-1500-tds-2-142-ms-16-oz,draft,Replaced by green-air-genesis-calibration-solutions
tds-3-handheld-meter-with-carrying-case-2,draft,Replaced by tds-3-handheld-meter-with-carrying-case
3-pack-1-5-v-batteries-for-hm-digital-meters,draft,Replaced by tds-3-handheld-meter-with-carrying-case
com-100-waterproof-ec-tds-temp-combo-meter-2,draft,Replaced by com-100-waterproof-ec-tds-temp-combo-meter
ph-200-waterproof-ph-meter-2,draft,Replaced by ph-200-waterproof-ph-meter
ph-up-8-oz,draft,Replaced by ph-calibration-solutions
ph-up-1-qt,draft,Replaced by ph-calibration-solutions
ph-up-1-gal,draft,Replaced by ph-calibration-solutions
ph-up-dry-1-5-lb,draft,Replaced by ph-calibration-solutions
ph-up-dry-16-lb,draft,Replaced by ph-calibration-solutions
ph-down-8-oz,draft,Replaced by ph-calibration-solutions
ph-down-1-qt,draft,Replaced by ph-calibration-solutions
ph-down-1-gal,draft,Replaced by ph-calibration-solutions
ph-down-dry-1-5-lb,draft,Replaced by ph-calibration-solutions
ph-4-01-calibration-solution-8-oz,draft,Replaced by ph-calibration-solutions
ph-4-01-calibration-solution-qt,draft,Replaced by ph-calibration-solutions
ph-7-0-calibration-solution-8-oz,draft,Replaced by ph-calibration-solutions
ph-7-0-calibration-solution-qt,draft,Replaced by ph-calibration-solutions
1500-ppm-calibration-solution-8-oz,draft,Replaced by ph-calibration-solutions
ph-test-kit-1-oz,draft,Replaced by ph-calibration-solutions
ph-test-indicator-8-oz,draft,Replaced by ph-calibration-solutions
control-wizard-accurate-handheld-ph3-meter,draft,Replaced by control-wizard-accurate-ph3
replacemnt-probe-for-control-wizard-accurate-ph3-meter,draft,Replaced by control-wizard-accurate-ph3
430-sodium-son-agro-54000-lumens,draft,Replaced by philips-lighting
1000-w-hps-alto-agrolite-xt-140000-lumens,draft,Replaced by philips-lighting
pulse-start-metal-halide-7000k-for-vegative-growth,draft,Replaced by plantmax-pulse-start-metal-halide-lamps
pulse-start-metal-halide-10000k-for-final-flowering,draft,Replaced by plantmax-pulse-start-metal-halide-lamps
pulse-start-metal-halide-10000k-for-final-flowering-2,draft,Replaced by plantmax-pulse-start-metal-halide-lamps
pulse-start-m-h-600w-3000k-for-flowering-growth,draft,Replaced by plantmax-pulse-start-metal-halide-lamps
pulse-start-m-h-600w-3000k-for-flowering-growth-2,draft,Replaced by plantmax-pulse-start-metal-halide-lamps
pulse-start-m-h-600w-3000k-for-flowering-growth-3,draft,Replaced by plantmax-pulse-start-metal-halide-lamps
pulse-start-m-h-1000w-10000k-for-final-flowering,draft,Replaced by plantmax-pulse-start-metal-halide-lamps
pulse-start-m-h-1000w-3000k-for-flowering-growth,draft,Replaced by plantmax-pulse-start-metal-halide-lamps
pulse-start-m-h-1000w-7000k-for-vegative-growth,draft,Replaced by plantmax-pulse-start-metal-halide-lamps
pulse-start-m-h-600w-10000k-for-final-flowering,draft,Replaced by plantmax-pulse-start-metal-halide-lamps
pulse-start-m-h-600w-7000k-for-vegative-growth,draft,Replaced by plantmax-pulse-start-metal-halide-lamps
badboy-ho-t-5-triphosphor-bloom-54w-2900k,draft,Replaced by badboy-ho-triphosphor-lamps
badboy-ho-t-5-4-ft-triphosphor-grow-54-w-6500-k-2,draft,Replaced by badboy-ho-triphosphor-lamps
8-pack-of-badboy-ho-t-5-4-ft-triphosphor-bloom-2,draft,Replaced by badboy-ho-triphosphor-lamps
badboy-ho-t-5-4-ft-triphosphor-bloom-54-w-2900-k,draft,Replaced by badboy-ho-triphosphor-lamps
plantmax-150w-hps-high-output-16000-lumens,draft,Replaced by plantmax-super-high-pressure-sodium
plantmax-250w-hps-high-output-29000-lumens,draft,Replaced by plantmax-super-high-pressure-sodium
plantmax-400w-hps-high-output-50000-lumens,draft,Replaced by plantmax-super-high-pressure-sodium
plantmax-430w-hps-high-output-58000-lumens,draft,Replaced by plantmax-super-high-pressure-sodium
plantmax-600w-hps-high-output-90000-lumens,draft,Replaced by plantmax-super-high-pressure-sodium
plantmax-750w-hps-high-output-106000-lumens,draft,Replaced by plantmax-super-high-pressure-sodium
plantmax-220w-hps-conversion-25000-lumens,draft,Replaced by plantmax-hps-conversion-mh-ballast
plantmax-360w-hps-conversion-45000-lumens,draft,Replaced by plantmax-hps-conversion-mh-ballast
plantmax-940w-hps-conversion-130000-lumens,draft,Replaced by plantmax-hps-conversion-mh-ballast
plantmax-250w-mh-conversion,draft,Replaced by plantmax-mh-conversion-hps-ballast
plantmax-400w-mh-conversion-36000-lumens,draft,Replaced by plantmax-mh-conversion-hps-ballast
plantmax-600w-mh-conversion-57000-lumens,draft,Replaced by plantmax-mh-conversion-hps-ballast
plantmax-1000w-mh-conversion-110000-lumens,draft,Replaced by plantmax-mh-conversion-hps-ballast
solarmax-400w-mht-veg-conversion-w-32000-lumens,draft,Replaced by vegetative-hps-ballast
solarmax-600w-mht-veg-conversion-w-55000-lumens,draft,Replaced by vegetative-hps-ballast
solarmax-1000w-mht-veg-conversion-w-90000-lumens,draft,Replaced by vegetative-hps-ballast
solarmax-400w-mht-metal-halide-veg-32000-lumens,draft,Replaced by vegetative-mh-ballast
smmh1000wv-solarmax-1000w-mht-metal-hailde-veg-85000-lumens,draft,Replaced by vegetative-mh-ballast
solarmax-400w-mh-gold-36000-lumens,draft,Replaced by all-phase-high-output-metal-halide-horticultural-lamp
light-rail-5-motor-crossbar-8-rail,draft,Replaced by light-rail-5
light-rail-5-crossbar-mounting-kit,draft,Replaced by light-rail-5
light-rail-5-4ft-auxilary-rail,draft,Replaced by light-rail-5
6-ft-rail-only,draft,Replaced by light-rail-accessories
robo-stick-lamp-stabilizer,draft,Replaced by light-rail-accessories
3-ft-extender-rail-a-3-foot-section-of-rail-to-extend-a-6-ft-section-into-a-9-ft,draft,Replaced by light-rail-accessories
drive-wheel-o-ring-kit-tension-spring-o-ring-nut-bolt,draft,Replaced by light-rail-accessories
trolley-wheel-replacement-kit,draft,Replaced by light-rail-accessories
add-a-lamp-hardware-kit-trolley-and-mounting-hardware,draft,Replaced by light-rail-accessories
trolley-slave,draft,Replaced by light-rail-accessories
1-2-grommet-bag-of-25,draft,Replaced by grommets
1-grommet-bag-of-10,draft,Replaced by grommets
1-1-4-grommet-bag-of-10,draft,Replaced by grommets
1-2-in-straight-barbed-bag-of-50,draft,Replaced by 1-2-barb-connectors
1-2-in-tee-barbed-bag-of-50,draft,Replaced by 1-2-barb-connectors
1-2-in-elbow-barbed-bag-of-50,draft,Replaced by 1-2-barb-connectors
5-8-shut-off-barbed-valve-bag-of-10,draft,Replaced by 1-2-barb-connectors
6-in-bucket-basket,draft,Replaced by the-bucket-basket
10-in-bucket-basket,draft,Replaced by the-bucket-basket
4-76-gallon-bucket-no-handle,draft,Replaced by the-bucket-basket
3-75-mesh-basket,draft,Replaced by the-bucket-basket
5-mesh-basket,draft,Replaced by the-bucket-basket
6-mesh-basket,draft,Replaced by the-bucket-basket
1-2-fill-drain-fitting-bag-of-10,draft,Replaced by the-bucket-basket
extension-fitting-bag-of-10,draft,Replaced by the-bucket-basket
screen-fitting-bag-of-10,draft,Replaced by the-bucket-basket
6-net-pot,draft,Replaced by netpots
5-net-pot,draft,Replaced by netpots
3-in-net-pot-case-of-100,draft,Replaced by netpots
6-in-net-pot-case-of-50,draft,Replaced by netpots
2-in-site-plug-case-of-20,draft,Replaced by site-plugs
4-in-site-plug-case-of-10,draft,Replaced by site-plugs
6-in-site-plug-case-of-10,draft,Replaced by site-plugs
snapture-dovetail,draft,Replaced by snapture-snapstand
snapture-foot-base,draft,Replaced by snapture-snapstand
snapture-cross-fitting,draft,Replaced by snapture-snapstand
uno-single-mechanical-timer,draft,Replaced by mechanical-timers
timer-frequency-duration-no-photo-eye,draft,Replaced by cst-1p-timer-frequency-duration
timer-frequency-duration-photo-eye,draft,Replaced by cst-1p-timer-frequency-duration
24-hour-clock-timers,draft,Replaced by 24-dt-1-24-hour-clock-timer
24-hour-timer-w-cooling-thermostat,draft,Replaced by 24-dt-1-24-hour-clock-timer
4-light-timer-120-v,draft,Replaced by lt4-4-light-timer-120-or-240-v
4-light-timer-240-v,draft,Replaced by lt4-4-light-timer-120-or-240-v
10a-120v-w-battery-backup,draft,Replaced by lt4-4-light-timer-120-or-240-v
10a-240v-w-battery-backup,draft,Replaced by lt4-4-light-timer-120-or-240-v
ls1-4-light-high-load-switcher-120v-supply-120v-receptacles,draft,Replaced by ls-series-light-and-high-load-switcher
vortex-powerfans,draft,Replaced by vortex-powerfans-bundle
6-in-backdraft-damper,draft,Replaced by backdraft-dampers
8-in-backdraft-damper,draft,Replaced by backdraft-dampers
10-in-backdraft-damper,draft,Replaced by backdraft-dampers
12-in-backdraft-damper,draft,Replaced by backdraft-dampers
rsw-4ho-thermo-controlled-110v-161-cfm-3294-rpm,draft,Replaced by thermostatically-controlled-centrifugal-fans
rsw-4ho-thermo-controlled-240v-161-cfm-3294-rpm,draft,Replaced by thermostatically-controlled-centrifugal-fans
rsw-6ho-thermo-controlled-110v-413-cfm-3250-rpm,draft,Replaced by thermostatically-controlled-centrifugal-fans
rsw-6ho-thermo-controlled-240v-413-cfm-3250-rpm,draft,Replaced by thermostatically-controlled-centrifugal-fans
can-fan-4-standard-output-142-cfm,draft,Replaced by original-can-fans
can-fan-4-high-output-178-cfm,draft,Replaced by original-can-fans
can-fan-6-standard-output-270-cfm,draft,Replaced by original-can-fans
can-fan-6-high-output-440-cfm,draft,Replaced by original-can-fans
can-fan-8-standard-output-493-cfm,draft,Replaced by original-can-fans
can-fan-10-high-output-781-cfm,draft,Replaced by original-can-fans
can-fan-12-high-output-971-cfm,draft,Replaced by original-can-fans
can-33-filter-12-od-13-high-6-flange-size-200-cfm,draft,Replaced by can-filters
can-50-filter-16-5-od-19-8-high-8-flange-size-420-cfm,draft,Replaced by can-filters
can-66-filter-12-od-26-high-8-flange-size-412-cfm,draft,Replaced by can-filters
can-75-filter-16-5-od-29-5-high-8-flange-size-600-cfm,draft,Replaced by can-filters
can-100-filter-16-5-od-39-4-high-8-flange-size-840-cfm,draft,Replaced by can-filters
can-125-filter-16-5-od-49-2-high-10-flange-size-1110-cfm,draft,Replaced by can-filters
can-700-pre-filter,draft,Replaced by can-filter-pre-filters
can-33-pre-filter,draft,Replaced by can-filter-pre-filters
can-50-pre-filter,draft,Replaced by can-filter-pre-filters
can-66-pre-filter,draft,Replaced by can-filter-pre-filters
can-75-pre-filter,draft,Replaced by can-filter-pre-filters
can-100-pre-filter,draft,Replaced by can-filter-pre-filters
can-125-pre-filter,draft,Replaced by can-filter-pre-filters
can-150-pre-filter,draft,Replaced by can-filter-pre-filters
6-can-filter-flange,draft,Replaced by can-filter-flanges
10-can-filter-flange,draft,Replaced by can-filter-flanges
12-can-filter-flange,draft,Replaced by can-filter-flanges
14-can-filter-flange-max,draft,Replaced by can-filter-flanges
16-can-filter-flange-max,draft,Replaced by can-filter-flanges
18-can-filter-flange-max,draft,Replaced by can-filter-flanges
20-can-filter-flange-max,draft,Replaced by can-filter-flanges
4-in-x-25-ft-flexible-duct-w-2-clamps-included,draft,Replaced by ducting
6-in-x-25-ft-flexible-duct-w-2-clamps-included,draft,Replaced by ducting
8-in-x-25-ft-flexible-duct-w-2-clamps-included,draft,Replaced by ducting
10-in-x-25-ft-flexible-duct-w-2-clamps-included,draft,Replaced by ducting
12-in-x-25-ft-flexible-duct-w-2-clamps-included,draft,Replaced by ducting
14-can-duct-premium-3-ply-ducting-w-clamps,draft,Replaced by ducting
16-can-duct-3-ply-premium-ducting-w-clamps,draft,Replaced by ducting
18-can-duct-3-ply-premium-ducting-w-clamps,draft,Replaced by ducting
4-in-hose-clamps,draft,Replaced by ducting
6-in-hose-clamps,draft,Replaced by ducting
8-in-hose-clamps,draft,Replaced by ducting
10-in-hose-clamps,draft,Replaced by ducting
12-in-hose-clamps,draft,Replaced by ducting
8-max-fan-675-cfm,draft,Replaced by max-fan
10-max-fan-1023-cfm,draft,Replaced by max-fan
12-max-fan-1709-cfm,draft,Replaced by max-fan
14-max-fan-1823-cfm,draft,Replaced by max-fan
16-max-fan-2436-cfm,draft,Replaced by max-fan
18-max-fan-3490-cfm,draft,Replaced by max-fan
pro-50-6-reversible-450-cfm,draft,Replaced by profilter-reversible-carbon-filters
pro-70s-6-non-rev-400-cfm,draft,Replaced by profilter-reversible-carbon-filters
pro-75-6-reversible-640-cfm,draft,Replaced by profilter-reversible-carbon-filters
pro-100-8-reversible-900-cfmfreight-shipping-only,draft,Replaced by profilter-reversible-carbon-filters
pro-125-10-reversible-1140-cfm-freight-shipping-only,draft,Replaced by profilter-reversible-carbon-filters
profilter-replacement-carbon,draft,Replaced by profilter-reversible-carbon-filters
6-flange,draft,Replaced by profilter-reversible-carbon-filters
8-flange,draft,Replaced by profilter-reversible-carbon-filters
10-flange,draft,Replaced by profilter-reversible-carbon-filters
12-flange,draft,Replaced by profilter-reversible-carbon-filters
pre-filter-for-model-pro-45s,draft,Replaced by profilter-reversible-carbon-filters
pre-filter-for-model-pro-50,draft,Replaced by profilter-reversible-carbon-filters
pre-filter-for-model-pro-70s,draft,Replaced by profilter-reversible-carbon-filters
pre-filter-for-model-pro-75,draft,Replaced by profilter-reversible-carbon-filters
pre-filter-for-model-pro-100,draft,Replaced by profilter-reversible-carbon-filters
pre-filter-for-model-pro-125,draft,Replaced by profilter-reversible-carbon-filters
38-special-50-15-od-26-high-6-flange-size-420-cfm,draft,Replaced by 38-special-by-can-filters
38-special-75-15-od-29-5-high-8-flange-size-600-cfm,draft,Replaced by 38-special-by-can-filters
38-special-100-15-od-39-4-high-8-flange-size-840-cfm,draft,Replaced by 38-special-by-can-filters
the-rack-collapsible-drying-system-2,draft,Replaced by the-rack-collapsible-drying-system
drying-rack-scale,draft,Replaced by the-rack-collapsible-drying-system
the-trimpro,draft,Replaced by the-trimpro-workstation
trimpro-rotor,draft,Replaced by trimpro-rotor-bundle
rare-earth-1-5-lb,draft,Replaced by rare-earth
rare-earth-16-lb,draft,Replaced by rare-earth
can-lite-14-w-flange-attached-2200-cfm,draft,Replaced by can-lite-filters
b-52-vitamin-1-lt,draft,Replaced by b-52-vitamin
b-52-vitamin-1-gal,draft,Replaced by b-52-vitamin
b-52-vitamin-2-5-gal,draft,Replaced by b-52-vitamin
big-bud-bloom-booster-130g-powder,draft,Replaced by big-bud-bloom-booster
big-bud-bloom-booster-500g-powder,draft,Replaced by big-bud-bloom-booster
big-bud-bloom-booster-1-lt,draft,Replaced by big-bud-bloom-booster
big-bud-bloom-booster-1-gal,draft,Replaced by big-bud-bloom-booster
big-bud-bloom-booster-2-5-gal,draft,Replaced by big-bud-bloom-booster
bud-blood-bloom-stimulator-40-g,draft,Replaced by bud-blood-bloom-stimulator
bud-blood-bloom-stimulator-300g,draft,Replaced by bud-blood-bloom-stimulator
bud-candy-1-lt,draft,Replaced by bud-candy
bud-candy-1-gal,draft,Replaced by bud-candy
bud-candy-2-5-gal,draft,Replaced by bud-candy
carboload-1-lt,draft,Replaced by carboload
carboload-1-gal,draft,Replaced by carboload
final-phase-1-lt,draft,Replaced by final-phase
final-phase-1-gal,draft,Replaced by final-phase
mother-earth-grow-1-lt,draft,Replaced by mother-earth-organic-super-tea
mother-earth-grow-1-gal,draft,Replaced by mother-earth-organic-super-tea
mother-earth-bloom-1-lt,draft,Replaced by mother-earth-organic-super-tea
mother-earth-bloom-1-gal,draft,Replaced by mother-earth-organic-super-tea
nirvana-1-lt,draft,Replaced by nirvana
nirvana-1-gal,draft,Replaced by nirvana
overdrive-1-lt,draft,Replaced by overdrive
overdrive-1-gal,draft,Replaced by overdrive
overdrive-2-5-gal,draft,Replaced by overdrive
piranha-beneficial-fungi-50-g,draft,Replaced by piranha-beneficial-fungi
piranha-beneficial-fungi-130-g,draft,Replaced by piranha-beneficial-fungi
rhino-skin-4l,draft,Replaced by rhino-skin
sensi-grow-part-a-1-gal,draft,Replaced by sensi-grow-two-part
sensi-grow-part-b-1-gal,draft,Replaced by sensi-grow-two-part
sensi-grow-part-a-2-5-gal,draft,Replaced by sensi-grow-two-part
sensi-grow-part-b-2-5-gal,draft,Replaced by sensi-grow-two-part
sensizym-1-lt,draft,Replaced by sensizym
sensizym-1-gal,draft,Replaced by sensizym
sensizym-2-5-gal,draft,Replaced by sensizym
tarantula-beneficial-bacteria-50-g,draft,Replaced by tarantula-beneficial-bacteria
tarantula-beneficial-bacteria-130-g,draft,Replaced by tarantula-beneficial-bacteria
ultra-premium-connoisseur,draft,Replaced by ultra-premium-connoisseur-bundle
voodoo-juice-root-booster-500-ml,draft,Replaced by voodoo-juice-root-booster
voodoo-juice-root-booster-1-lt,draft,Replaced by voodoo-juice-root-booster
voodoo-juice-root-booster-1-gal,draft,Replaced by voodoo-juice-root-booster
grow-big-liquid-plant-food-1-qt,draft,Replaced by grow-big-liquid-plant-food-6-4-4
grow-big-liquid-plant-food-1-gal,draft,Replaced by grow-big-liquid-plant-food-6-4-4
tiger-bloom-liquid-plant-food-1-qt,draft,Replaced by tiger-bloom-liquid-plant-food-2-8-4
tiger-bloom-liquid-plant-food-1-gal,draft,Replaced by tiger-bloom-liquid-plant-food-2-8-4
the-root-pouch-1-gallon,draft,Replaced by root-pouch
the-root-pouch-2-gallon,draft,Replaced by root-pouch
the-root-pouch-3-gallon,draft,Replaced by root-pouch
the-root-pouch-7-gallon,draft,Replaced by root-pouch
the-root-pouch-10-gallon,draft,Replaced by root-pouch
the-root-pouch-15-gallon-w-handle,draft,Replaced by root-pouch
the-root-pouch-20-gallon-w-handle,draft,Replaced by root-pouch
the-root-pouch-25-gallon-w-handle,draft,Replaced by root-pouch
the-root-pouch-30-gallon-w-handle,draft,Replaced by root-pouch
the-root-pouch-35-gallon-w-handle,draft,Replaced by root-pouch
the-root-pouch-45-gallon-w-handle,draft,Replaced by root-pouch
the-root-pouch-65-gallon-w-handle,draft,Replaced by root-pouch
the-root-pouch-100-gallon-w-handle,draft,Replaced by root-pouch
calimagic-16oz,draft,Replaced by calimagic
calimagic-qt,draft,Replaced by calimagic
calimagic-gal,draft,Replaced by calimagic
calimagic-2-5-gal,draft,Replaced by calimagic
calimagic-6-gal,draft,Replaced by calimagic
pure-blend-pro-grow-qt,draft,Replaced by pure-blend-pro-grow
pure-blend-pro-grow-gal,draft,Replaced by pure-blend-pro-grow
pure-blend-pro-bloom-qt,draft,Replaced by pure-blend-pro-bloom
pure-blend-pro-bloom-gal,draft,Replaced by pure-blend-pro-bloom
pure-blend-pro-soil-qt,draft,Replaced by pure-blend-pro-soil
pure-blend-pro-soil-gal,draft,Replaced by pure-blend-pro-soil
hydroplex-qt,draft,Replaced by hydroplex
hydroplex-gal,draft,Replaced by hydroplex
liquid-karma-qt,draft,Replaced by liquid-karma
liquid-karma-gal,draft,Replaced by liquid-karma
aquashield-qt,draft,Replaced by aquashield
cal-mag-plus-qt,draft,Replaced by cal-mag-plus
cal-mag-plus-gal,draft,Replaced by cal-mag-plus
clearex-qt,draft,Replaced by clearex
clearex-gal,draft,Replaced by clearex
silica-blast-qt,draft,Replaced by silica-blast
silica-blast-gal,draft,Replaced by silica-blast
f-h-d-super-saucer-8,draft,Replaced by mondi-super-saucers
mondi-super-saucer-10,draft,Replaced by mondi-super-saucers
mondi-super-saucer-12,draft,Replaced by mondi-super-saucers
mondi-super-saucer-14,draft,Replaced by mondi-super-saucers
mondi-mini-greenhouse-humidity-dome-4-with-vents,draft,Replaced by mondi-mini-greenhouse-4-and-7-propagation-domes
mondi-mini-greenhouse-humidity-dome-7-with-vents,draft,Replaced by mondi-mini-greenhouse-4-and-7-propagation-domes
ph-perfect-connoisseur-part-a-1-lt,draft,Replaced by ph-perfect-ultra-premium-connoisseur
ph-perfect-connoisseur-part-b-1-lt,draft,Replaced by ph-perfect-ultra-premium-connoisseur
ph-perfect-connoisseur-part-a-1-gal,draft,Replaced by ph-perfect-ultra-premium-connoisseur
ph-perfect-connoisseur-part-b-1-gal,draft,Replaced by ph-perfect-ultra-premium-connoisseur
ph-perfect-sensi-bloom-part-a-1-lt,draft,Replaced by ph-perfect-sensi-bloom-2-part
ph-perfect-sensi-bloom-part-b-1-lt,draft,Replaced by ph-perfect-sensi-bloom-2-part
ph-perfect-sensi-bloom-part-b-1-gal,draft,Replaced by ph-perfect-sensi-bloom-2-part
ph-perfect-sensi-bloom-part-a-1-gal,draft,Replaced by ph-perfect-sensi-bloom-2-part
ph-perfect-sensi-bloom-part-a-2-5-gal,draft,Replaced by ph-perfect-sensi-bloom-2-part
ph-perfect-sensi-bloom-part-b-2-5-gal,draft,Replaced by ph-perfect-sensi-bloom-2-part
ph-perfect-sensi-grow-part-a-1-lt,draft,Replaced by ph-perfect-sensi-grow-2-part
ph-perfect-sensi-grow-part-b-1-lt,draft,Replaced by ph-perfect-sensi-grow-2-part
ph-perfect-sensi-grow-part-b-1-gal,draft,Replaced by ph-perfect-sensi-grow-2-part
ph-perfect-sensi-grow-part-a-1-gal,draft,Replaced by ph-perfect-sensi-grow-2-part
ph-perfect-sensi-grow-part-a-2-5-gal,draft,Replaced by ph-perfect-sensi-grow-2-part
ph-perfect-sensi-grow-part-b-2-5-gal,draft,Replaced by ph-perfect-sensi-grow-2-part
bcuzz-coco-nutrition-componet-a-1l,draft,Replaced by bcuzz-coco-nutrients
bcuzz-coco-nutrition-componet-b-1l,draft,Replaced by bcuzz-coco-nutrients
bcuzz-coco-nutrition-componet-a-5l,draft,Replaced by bcuzz-coco-nutrients
bcuzz-coco-nutrition-componet-b-5l,draft,Replaced by bcuzz-coco-nutrients
ecoplus-185-gph,draft,Replaced by ecoplus-submersible-pumps
ecoplus-264-gph,draft,Replaced by ecoplus-submersible-pumps
ecoplus-396-gph,draft,Replaced by ecoplus-submersible-pumps
ecoplus-633-gph,draft,Replaced by ecoplus-submersible-pumps
dyna-grow-quart,draft,Replaced by dyna-gro-grow
dyna-grow-gallon,draft,Replaced by dyna-gro-grow
dyna-bloom-quart,draft,Replaced by dyna-gro-bloom
dyna-bloom-gallon,draft,Replaced by dyna-gro-bloom
dyna-gro-pro-tekt-1qt,draft,Replaced by dyna-gro-pro-tekt
dyna-gro-pro-tekt-1gal,draft,Replaced by dyna-gro-pro-tekt
bond-3-way-soil-meter-2,draft,Replaced by bond-3-way-soil-meter
ecoplus-small-pump-filter-bag,draft,Replaced by ecoplus-pump-filter-bags
ecoplus-large-pump-filter-bag,draft,Replaced by ecoplus-pump-filter-bags
eco-air-2-two-outlet,draft,Replaced by ecoplus-air-pumps
eco-commercial-air-3,draft,Replaced by ecoplus-commercial-air-pumps
eco-commercial-air-5,draft,Replaced by ecoplus-commercial-air-pumps
uno-grow-tent,draft,Replaced by uno-grow-tents
q-max-ultra-quiet-10-fan,draft,Replaced by q-max-ultra-quiet-fans
12-x-18-x-3-storage-bag-ziploc,draft,Replaced by long-term-storage-bags
22-5-x-18-storage-bag,draft,Replaced by long-term-storage-bags
ona-fresh-linen-spray-8oz,draft,Replaced by ona-spray
ona-pro-spray-8oz,draft,Replaced by ona-spray
clonex-solution-32oz,draft,Replaced by clonex-clone-solution
clonex-solution-gallon,draft,Replaced by clonex-clone-solution
vitamino-amino-acid-supplement-advanced-plant-growth,draft,Replaced by vitamino
aphrodites-extraction-quart,draft,Replaced by aphrodites-extraction
aphrodites-extraction-gallon,draft,Replaced by aphrodites-extraction
athenas-aminas-quart,draft,Replaced by athenas-aminas
athenas-aminas-gallon,draft,Replaced by athenas-aminas
bloom-khaos-quart,draft,Replaced by bloom-khaos
bloom-khaos-gallon,draft,Replaced by bloom-khaos
demeters-destiny-quart,draft,Replaced by demeters-destiny
demeters-destiny-gallon,draft,Replaced by demeters-destiny
gaia-mania-quart,draft,Replaced by gaia-mania
gaia-mania-gallon,draft,Replaced by gaia-mania
gaia-mania-2-5-gallon,draft,Replaced by gaia-mania
herculean-harvest-quart,draft,Replaced by herculean-harvest
herculean-harvest-gallon,draft,Replaced by herculean-harvest
herculean-harvest-2-5-gallon,draft,Replaced by herculean-harvest
hygeias-hydration-quart,draft,Replaced by hygeias-hydration
hygeias-hydration-gallon,draft,Replaced by hygeias-hydration
medusas-magic-quart,draft,Replaced by medusas-magic
medusas-magic-gallon,draft,Replaced by medusas-magic
medusas-magic-2-5-gallon,draft,Replaced by medusas-magic
mega-morpheus-quart,draft,Replaced by mega-morpheus
mega-morpheus-gallon,draft,Replaced by mega-morpheus
pegasus-potion-quart,draft,Replaced by pegasus-potion
pegasus-potion-gallon,draft,Replaced by pegasus-potion
tritan-s-trawl-gallon-organic-bloom-booster-nectar-for-the-gods-fishbone-meal,draft,Replaced by tritans-trawl
heat-mat-single-tray,draft,Replaced by super-sprouter-heat-mat
heat-mat-dual-tray,draft,Replaced by super-sprouter-heat-mat
heat-mat-thermostat,draft,Replaced by super-sprouter-heat-mat
atami-rootblastic-80-ml,draft,Replaced by atami-rootblastic
atami-rootblastic-250-ml,draft,Replaced by atami-rootblastic
decision-quart,draft,Replaced by decision
decision-gallon,draft,Replaced by decision
decision-2-5-gallon,draft,Replaced by decision
equinox-quart,draft,Replaced by equinox
equinox-gallon,draft,Replaced by equinox
equinox-2-5-gallon,draft,Replaced by equinox
lightning-start-quart,draft,Replaced by lightning-start
lightning-start-gallon,draft,Replaced by lightning-start
lightning-start-2-5-gallon,draft,Replaced by lightning-start
ruby-ful-quart,draft,Replaced by ruby-ful
ruby-ful-gallon,draft,Replaced by ruby-ful
ruby-ful-2-5-gallon,draft,Replaced by ruby-ful
spring-quart,draft,Replaced by spring
spring-gallon,draft,Replaced by spring
spring-2-5-gallon,draft,Replaced by spring
summer-quart,draft,Replaced by summer
summer-gallon,draft,Replaced by summer
summer-2-5-gallon,draft,Replaced by summer
autumn-quart,draft,Replaced by autumn
autumn-gallon,draft,Replaced by autumn
autumn-2-5-gallon,draft,Replaced by autumn
winter-frost-quart-ripening-finisher-new-millennium-nutrients,draft,Replaced by winter-frost
drying-rack-4-tier-2,draft,Replaced by drying-rack-4-tier
hortilux-1000-w-blue-daylight-metal-halide,draft,Replaced by hortilux-blue-daylight-metal-halide-lamps
pk-apatite-qt,draft,Replaced by pk-apatite
pk-apatite-gal,draft,Replaced by pk-apatite
pk-apatite-2-5-gal,draft,Replaced by pk-apatite
25-ft-black-white-panda-film-poly,draft,Replaced by black-white-panda-film-poly
50-ft-black-white-panda-film-poly,draft,Replaced by black-white-panda-film-poly
100-ft-black-white-panda-film-poly,draft,Replaced by black-white-panda-film-poly
25-ft-diamond-silver-white-film,draft,Replaced by diamond-silver-white-film
50-ft-diamond-silver-white-film,draft,Replaced by diamond-silver-white-film
100-ft-diamond-silver-white-film,draft,Replaced by diamond-silver-white-film
cocotek-grow-a-qts,draft,Replaced by general-hydroponics�-cocotek�-grow-a-3-0-1-b-1-2-4
cocotek-grow-b-qts,draft,Replaced by general-hydroponics�-cocotek�-grow-a-3-0-1-b-1-2-4
cocotek-grow-a-gal,draft,Replaced by general-hydroponics�-cocotek�-grow-a-3-0-1-b-1-2-4
cocotek-grow-b-gal,draft,Replaced by general-hydroponics�-cocotek�-grow-a-3-0-1-b-1-2-4
bcuzz-blossombuilder-355-ml,draft,Replaced by bcuzz-blossom-builder-0-9-19
uno-2-speed-controlled-in-line-blowers,draft,Replaced by uno-2-speed-controled-in-line-blowers
nurtadip-growboss,draft,Replaced by nutradip-growboss
accurate-ph-4-replacement-remote-probe,draft,Replaced by accurate-ph-4-w-remote-probe
accurate-ph-4-w-remote-probe-2,draft,Replaced by accurate-ph-4-w-remote-probe
ionic-bloom-3-2-6-premium-plant-nutrient-qt,draft,Replaced by hydrodynamics-ionic-bloom-3-2-6-premium-plant-nutrient
ionic-bloom-3-2-6-premium-plant-nutrient-gallon,draft,Replaced by hydrodynamics-ionic-bloom-3-2-6-premium-plant-nutrient
ionic-bloom-3-2-6-premium-plant-nutrient-2-5-gallon,draft,Replaced by hydrodynamics-ionic-bloom-3-2-6-premium-plant-nutrient
hydrodynamics-ionic-grow-3-1-5-premium-plant-nutrient-qt,draft,Replaced by hydrodynamics-ionic-grow-3-1-5-premium-plant-nutrient
hydrodynamics-ionic-grow-3-1-5-premium-plant-nutrient-gallon,draft,Replaced by hydrodynamics-ionic-grow-3-1-5-premium-plant-nutrient
hydrodynamics-ionic-grow-3-1-5-premium-plant-nutrient-2-5-gallon,draft,Replaced by hydrodynamics-ionic-grow-3-1-5-premium-plant-nutrient
ionic-pk-boost-0-5-6-premium-plant-nutrient-qt,draft,Replaced by hydrodynamics-ionic�-pk-boost-0-5-6-premium-plant-nutrient
ionic-pk-boost-0-5-6-premium-plant-nutrient-gallon,draft,Replaced by hydrodynamics-ionic�-pk-boost-0-5-6-premium-plant-nutrient
ionic-pk-boost-0-5-6-premium-plant-nutrient-2-5-gallon,draft,Replaced by hydrodynamics-ionic�-pk-boost-0-5-6-premium-plant-nutrient
ionic-coco-bloom-soil-hydro-qt,draft,Replaced by hydrodynamics-int-coco-soil-grow-bloom
ionic-coco-grow-soil-hydro-qt,draft,Replaced by hydrodynamics-int-coco-soil-grow-bloom
ionic-coco-bloom-soil-hydro-gal,draft,Replaced by hydrodynamics-int-coco-soil-grow-bloom
ionic-coco-grow-soil-hydro-gal,draft,Replaced by hydrodynamics-int-coco-soil-grow-bloom
plagron-terra-bloom-qt,draft,Replaced by plagron-terra-bloom-grow
plagron-terra-grow-qt,draft,Replaced by plagron-terra-bloom-grow
plagron-terra-bloom-gal,draft,Replaced by plagron-terra-bloom-grow
plagron-terra-grow-gallon,draft,Replaced by plagron-terra-bloom-grow
green-sensation-500ml,draft,Replaced by green-sensation
humboldt-nutrients-s-i-structural-integrity-qt,draft,Replaced by humboldt-nutrients-s-i-structural-integrity
humboldt-nutrients-s-i-structural-integrity-gal,draft,Replaced by humboldt-nutrients-s-i-structural-integrity
pure-clean-powerful-natural-enzymes,draft,Replaced by prue-clean-natural-enzymes
pure-clean-powerful-natural-enzymes-1-liter,draft,Replaced by prue-clean-natural-enzymes
plagron-royal-rush-500-ml,draft,Replaced by plagron-royal-rush
plagron-royal-rush-1-liter,draft,Replaced by plagron-royal-rush
plagron-power-roots-500-ml,draft,Replaced by plagron-power-roots
plagron-power-roots-liter,draft,Replaced by plagron-power-roots
plagron-cocos-a-liter,draft,Replaced by cocos-a-b
plagron-cocos-a-5-liter,draft,Replaced by cocos-a-b
plagron-cocos-b-liter,draft,Replaced by cocos-a-b
plagron-cocos-b-5-liter,draft,Replaced by cocos-a-b
plagron-hydro-a-liter,draft,Replaced by plagron-hydro-ab
plagron-hydro-a-5-liter,draft,Replaced by plagron-hydro-ab
plagron-hydro-b-liter,draft,Replaced by plagron-hydro-ab
plagron-hydro-b-5-liter,draft,Replaced by plagron-hydro-ab
badboy-t-5-4-ft-4-lamp-fixture-216-w,draft,Replaced by badboy-t5-lighting-system
badboy-t-5-4-ft-6-lamp-fixture-324-w,draft,Replaced by badboy-t5-lighting-system
badboy-t-5-4-ft-8-lamp-fixture-432-w,draft,Replaced by badboy-t5-lighting-system
badboy-t-5-4-ft-16-lamp-fixture-864-w,draft,Replaced by badboy-t5-lighting-system
eye-hortilux-e-start-metal-halide-lamps-2,draft,Replaced by eye-hortilux-e-start-metal-halide-lamps
clonex-mycorrhizae-root-maximizer-4-oz-soluble,draft,Replaced by clonex-root-maximizer-granular-for-soil-applications
clonex-mycorrhizae-root-maximizer-8-oz-soluble,draft,Replaced by clonex-root-maximizer-granular-for-soil-applications
clonex-mycorrhizae-root-maximizer-1-pound-soluble,draft,Replaced by clonex-root-maximizer-granular-for-soil-applications
clonex-mycorrhizae-root-maximizer-8-oz-soluble-2,draft,Replaced by clonex-root-maximizer-mycorrhizae-soluble-for-hydro
clonex-mycorrhizae-root-maximizer-4-oz-soluble-2,draft,Replaced by clonex-root-maximizer-mycorrhizae-soluble-for-hydro
gro-pro-12-air-pot,draft,Replaced by gro-pro-root-master-pots
standard-3-5-gallon-black-bucket,draft,Replaced by black-plastic-buckets-3-5-gallon
standard-5-gallon-black-bucket,draft,Replaced by black-plastic-buckets-3-5-gallon
standard-black-bucket-lid,draft,Replaced by black-plastic-buckets-3-5-gallon
silicium-500-ml,draft,Replaced by silicium
silicium-qts,draft,Replaced by silicium
rosin-pro-press-auto-electirc-2,draft,Replaced by rosin-pro-press-auto-electirc
rosin-pro-press-co-pneumatic-dual-element-2,draft,Replaced by rosin-pro-press-co-pneumatic-dual-element
rosin-pro-press-co-manual-2,draft,Replaced by rosin-pro-press-co-manual
rosin-pro-press-co-pneumatic-2,draft,Replaced by rosin-pro-press-co-pneumatic
the-ozone-generator,draft,Replaced by the-ozone-generator-5000-cu-ft
eye-hortilux-lu-1000-de-htl-double-ended-2,draft,Replaced by eye-hortilux-lu-1000-de-htl-double-ended
botanicare-growilla-bud-12-lb,draft,Replaced by botanicare-growilla-bud-2-5-4-veg-5-4-2
down-to-earth-high-nitrogen-bat-guano-2-lb,draft,Replaced by down-to-earth-bat-guano-9-3-1
down-to-earth-high-nitrogen-bat-guano-10-lb,draft,Replaced by down-to-earth-bat-guano-9-3-1
down-to-earth-neem-seed-meal-5-lb,draft,Replaced by down-to-earth-neem-seed-meal-6-1-2
down-to-earth-granular-humic-acid-5-lb,draft,Replaced by down-to-earth-granular-humic-acids
down-to-earth-bone-meal-6-lb,draft,Replaced by down-to-earth-bone-meal-3-15-0
down-to-earth-bone-meal-25-lb,draft,Replaced by down-to-earth-bone-meal-3-15-0
down-to-earth-vegan-mix-6-lb,draft,Replaced by down-to-earth-vegan-mix-3-2-2
down-to-earth-vegan-mix-25-lb,draft,Replaced by down-to-earth-vegan-mix-3-2-2
down-to-earth-kelp-meal-5-lb,draft,Replaced by down-to-earth-kelp-meal-1-0-1-2
down-to-earth-kelp-meal-20-lb,draft,Replaced by down-to-earth-kelp-meal-1-0-1-2
down-to-earth-fish-bone-meal-6-lb,draft,Replaced by down-to-earth-fish-bone-meal-3-16-0
calnesium-defficiency-correction-supplemnt-qt,draft,Replaced by calnesium-deficiency-correction-supplement
calnesium-defficiency-correction-supplemnt-gal,draft,Replaced by calnesium-deficiency-correction-supplement
calnesium-defficiency-correction-supplemnt-2-5-ga,draft,Replaced by calnesium-deficiency-correction-supplement
calnesium-defficiency-correction-supplemnt-6-gal,draft,Replaced by calnesium-deficiency-correction-supplement
stick-thrip-leafminer-trap-5-pack,draft,Replaced by sticky-thrip-leafminer-traps
carbonaria-0-0-03-qt-12-cs,draft,Replaced by carb-o-naria-0-0-0-3
carb-o-naria-0-0-0-3-gall-4-cs,draft,Replaced by carb-o-naria-0-0-0-3
carb-o-naria-0-0-0-3-2-5-gall,draft,Replaced by carb-o-naria-0-0-0-3
car-beau-naria-0-0-0-3-5-gall,draft,Replaced by carb-o-naria-0-0-0-3
ripen-0-5-7-6-gallon,draft,Replaced by ripen-0-5-7-6
ripen-0-5-7-6-quarts,draft,Replaced by ripen-0-5-7-6
flashgro-50-roll,draft,Replaced by flashgro-roll
flashgro-100-roll,draft,Replaced by flashgro-roll
terpinator-0-0-4-qt,draft,Replaced by terpinator
terpinator-0-0-4-gallon,draft,Replaced by terpinator
